0,1,2,3,4,5,6,7,8,9,10,11,12,13,14,15,16,17,18,19,20,21
0.5784091457333713,-0.5463709009615656,0.777265978159738,0.27514748322580457,-2.3841582427170787,False,True,False,True,True,False,True,False,False,False,True,False,False,True,False,-0.18937047442532512,-0.48481072052094815
-1.055640791840252,0.8010819382930756,0.8125751873738621,0.27514748322580457,0.4194352464039304,False,True,False,True,True,False,True,False,True,False,False,False,False,True,False,0.15571489497310292,-0.28260274553266873
-0.7615541177063716,0.2407126622855899,0.1417002123055012,0.27514748322580457,0.4194352464039304,False,True,False,True,True,False,True,False,False,False,True,False,False,False,True,-0.21422656345762486,-0.3189017226446387
-0.6444836431111098,1.293009165322548,0.5654107228749924,0.27514748322580457,0.4194352464039304,False,True,False,True,True,False,True,False,True,False,False,False,True,False,False,0.8736415998560271,0.2573836408666032
-0.9047186137475651,0.10468408994178806,-0.03484583376512011,0.27514748322580457,0.4194352464039304,False,True,False,True,True,False,True,False,True,False,False,False,False,False,True,-0.43006026988809426,-0.41960302298554203
-0.5852431619906159,0.2415681878978151,0.35355546759024675,0.27514748322580457,0.4194352464039304,False,True,False,True,True,False,True,False,False,True,False,False,False,True,False,-0.10983098952196596,-0.314601373706396
0.5389154916530421,-0.23153747566270336,-0.6351023904052325,0.27514748322580457,0.4194352464039304,False,True,False,True,False,True,False,True,True,False,False,False,False,True,False,0.0923318679407386,0.27792527642718623
-0.21428491116466603,-0.3393337028030746,1.059739651872732,0.27514748322580457,0.4194352464039304,False,True,False,True,True,False,True,False,False,False,True,False,False,True,False,-0.4545020907698557,-0.704559906417126
0.009277380682912128,1.27846522991472,0.9538120242303593,-2.390052290732627,-2.3841582427170787,False,True,False,True,True,False,True,False,True,False,False,False,True,False,False,1.2435830582867549,0.3224422792382894
-0.8560567899700166,0.5362967613093857,1.0950488610868563,0.27514748322580457,0.4194352464039304,False,True,True,False,True,False,True,False,True,False,False,False,False,True,False,0.016520796392224382,-0.4400790386852593
0.1644310217127771,-0.5463709009615656,0.38886467680437103,-2.390052290732627,0.4194352464039304,True,False,True,False,True,False,True,False,True,False,False,False,False,False,True,-0.4325458787913242,-0.5431210761676037
-0.46746744357249115,-0.31709003688522025,-1.3765957839018421,0.27514748322580457,0.4194352464039304,False,True,False,True,False,True,True,False,True,False,False,False,True,False,False,-0.5816824129851227,0.07574774841310265
-0.10779309391234962,-0.5463709009615656,1.1656672795151048,0.27514748322580457,0.4194352464039304,True,False,True,False,True,False,True,False,False,False,True,False,False,False,True,-0.5924533848991193,-0.8022976266496612
-0.6353154734138905,0.010576272597019465,-0.3879379259063627,0.27514748322580457,0.4194352464039304,False,True,True,False,False,True,True,False,False,True,False,False,False,True,False,-0.362948829500885,-0.23885595440044152
-0.08240431628928081,-0.5463709009615656,0.6007199320891166,0.27514748322580457,0.4194352464039304,True,False,True,False,True,False,False,True,True,False,False,False,False,False,True,-0.5775397314797394,-0.687986703788073
-1.1988052878814455,-0.5463709009615656,-1.5531418299724633,0.27514748322580457,0.4194352464039304,False,True,False,True,True,False,True,False,False,True,False,False,True,False,False,-1.233326213781914,-0.617171546928006
0.005751161568597015,-0.5463709009615656,0.17700942151962545,0.27514748322580457,-2.3841582427170787,False,True,True,False,True,False,True,False,False,False,True,False,True,False,False,-0.5257562126624483,-0.5517902464185308
0.37106746181164274,-0.5463709009615656,-2.294635223469073,-2.390052290732627,0.4194352464039304,False,True,False,True,True,False,True,False,False,False,False,True,True,False,False,-0.3111653106835939,1.6634242837373525
2.4825674674635323,-0.5463709009615656,0.7066475597314894,-4.166852140038248,0.4194352464039304,False,True,False,True,False,True,False,True,False,False,False,True,False,False,True,0.9291535320281632,0.23291463249497485
-0.12753992095251426,0.155160101063073,0.21231863073374974,-2.390052290732627,0.4194352464039304,False,True,False,True,False,True,True,False,False,True,False,False,False,False,True,0.0753468737686671,-0.13806674749054662
0.5459679298816723,-0.5463709009615656,1.0950488610868563,0.27514748322580457,0.4194352464039304,False,True,True,False,True,False,True,False,False,False,True,False,True,False,False,-0.20842680935008825,-0.5695356848506372
0.0614654235747758,-0.5463709009615656,0.28293704916199824,-2.390052290732627,0.4194352464039304,False,True,True,False,True,False,True,False,False,True,False,False,False,False,True,-0.4930290287699203,-0.5569396882777629
-0.7615541177063716,1.0774167110418054,0.5301015136608681,0.27514748322580457,0.4194352464039304,False,True,False,True,True,False,True,False,True,False,False,False,False,False,True,0.5960819389953467,0.09193983890548232
-0.33629209251996894,0.009720746984794295,-0.8822668549041024,0.27514748322580457,0.4194352464039304,False,True,False,True,True,False,True,False,True,False,False,False,False,False,True,-0.18812766997371014,0.16787831056430205
2.529818803595355,-0.5463709009615656,0.8125751873738621,0.27514748322580457,0.4194352464039304,False,True,True,False,True,False,False,True,True,False,False,False,False,False,True,0.9569094981142312,0.20707667049779924
-0.36520708925735285,0.30359379478413984,0.21231863073374974,-2.390052290732627,-2.3841582427170787,False,True,True,False,True,False,True,False,False,True,False,False,False,False,True,0.0794895552740504,-0.13515048194781823
-0.963253851045196,0.051641501983827574,-0.7057208088334811,0.27514748322580457,0.4194352464039304,False,True,False,True,True,False,True,False,False,True,False,False,False,False,True,-0.5158137770495284,-0.2357616431719466
0.5149372016756993,-0.5463709009615656,0.8831936058021107,0.27514748322580457,0.4194352464039304,False,True,False,True,True,False,True,False,True,False,False,False,False,True,False,-0.22665460797377474,-0.5329624943295087
0.3668359988744646,-0.5463709009615656,0.6713383505173651,0.27514748322580457,0.4194352464039304,True,False,False,True,False,True,True,False,True,False,False,False,True,False,False,-0.31365091958682384,-0.5362536446946764
-0.5605596281904102,0.3159989161614048,0.17700942151962545,0.27514748322580457,0.4194352464039304,False,True,False,True,True,False,True,False,True,False,False,False,True,False,False,-0.0232489460594552,-0.19486036211861765
-0.29679843843963966,-0.5463709009615656,-0.17608267062161717,0.27514748322580457,0.4194352464039304,True,False,True,False,True,False,True,False,True,False,False,False,False,True,False,-0.7034772492433914,-0.5859906978954897
0.5078847634470691,-0.5463709009615656,1.0950488610868563,0.27514748322580457,-2.3841582427170787,True,False,True,False,True,False,True,False,True,False,False,False,False,True,False,-0.23079728947915804,-0.5824098264582438
-0.9456227554736204,0.5333024216665977,0.8125751873738621,0.27514748322580457,0.4194352464039304,False,True,False,True,False,True,True,False,False,True,False,False,False,False,True,-0.0389911357799117,-0.40160446504369235
-0.08028858482069175,0.9199999983923742,1.589377790084596,0.27514748322580457,0.4194352464039304,False,True,False,True,True,False,True,False,False,False,False,True,True,False,False,0.8438142930172674,-0.11636084786490158
-0.5591491405446841,0.27365039835625893,1.4481409532280989,0.27514748322580457,-2.3841582427170787,False,True,False,True,True,False,True,False,False,True,False,False,True,False,False,-0.06343295666167312,-0.5623833839575224
-0.7735432626950429,0.5084921789120678,-0.5291747627628598,-2.390052290732627,-2.3841582427170787,False,True,False,True,True,False,True,False,True,False,False,False,True,False,False,0.038062740220217495,0.1687468204163435
1.2956421135850653,-0.5463709009615656,1.342213325585726,2.0519473325314257,-2.3841582427170787,True,False,True,False,True,False,True,False,True,False,False,False,False,False,True,0.23194023467215547,-0.3788854754189593
-1.2679191825220217,0.408395682281723,0.07108179387725268,0.27514748322580457,0.4194352464039304,False,True,False,True,True,False,True,False,False,True,False,False,True,False,False,-0.34927798053312015,-0.393628817884975
0.41338209118342406,-0.5463709009615656,-0.24670108904986568,0.27514748322580457,-2.3841582427170787,False,True,True,False,True,False,True,False,True,False,False,False,False,True,False,-0.28630922165129413,-0.23312227556963885
1.660958413828111,-0.5463709009615656,0.9891212334444835,0.27514748322580457,0.4194352464039304,False,True,False,True,True,False,True,False,False,False,True,False,False,True,False,0.4465311366510099,-0.16093113987256458
-1.24887759930472,0.2526900208567423,-0.5291747627628598,0.27514748322580457,0.4194352464039304,False,True,False,True,True,False,True,False,True,False,False,False,False,False,True,-0.488886347264537,-0.2878057667037141
-0.9964003107197581,0.48025983370863723,0.35355546759024675,0.27514748322580457,0.4194352464039304,False,True,False,True,False,True,True,False,True,False,False,False,False,False,True,-0.12018769328542418,-0.32164063536125753
-1.0224943321656899,2.3050959645849227,-1.235358947045345,-2.390052290732627,0.4194352464039304,False,True,False,True,True,False,True,False,True,False,False,False,False,True,False,1.631752315341169,2.4388563863031765
-0.05631029484334897,0.1667096968281128,0.3182462583761225,0.27514748322580457,0.4194352464039304,False,True,False,True,True,False,True,False,True,False,False,False,False,True,False,0.12837319703757322,-0.14004727217652144
-0.48721427061265576,-0.5463709009615656,-2.118089177398452,-2.390052290732627,-2.3841582427170787,False,True,False,True,False,True,True,False,False,False,True,False,False,False,True,-0.8153296498887402,0.4437535871145665
-0.7545016794777414,0.3018827435596895,1.2362856979433534,-2.390052290732627,0.4194352464039304,False,True,False,True,False,True,True,False,False,True,False,False,False,False,True,-0.15084353642526052,-0.5667846698262643
-0.8440676449813452,0.3681859785071401,-1.6590694576148362,0.27514748322580457,0.4194352464039304,False,True,False,True,True,False,True,False,True,False,False,False,True,False,False,-0.13924402821018733,0.8952353338194624
1.8831102180299633,-0.5463709009615656,0.8125751873738621,0.27514748322580457,0.4194352464039304,False,True,False,True,True,False,True,False,True,False,False,False,False,True,False,0.5770256040705836,-0.025103280122645084
1.9021518012472647,-0.5463709009615656,0.45948309523261954,0.27514748322580457,-2.3841582427170787,False,True,True,False,True,False,True,False,True,False,False,False,True,False,False,0.5882108441351184,0.11528811015977734
0.02620323243162467,-0.5463709009615656,0.07108179387725268,0.27514748322580457,0.4194352464039304,False,True,True,False,True,False,True,False,False,False,True,False,False,True,False,-0.5137424362968367,-0.5136925503774504
0.24482881751916166,-0.20416065607149794,0.247627839947874,0.27514748322580457,0.4194352464039304,False,True,False,True,True,False,True,False,True,False,False,False,False,True,False,-0.05390478919929154,-0.24125351314975726
0.786456073477963,-0.5463709009615656,-0.3173195074781142,0.27514748322580457,0.4194352464039304,False,True,False,True,False,True,False,True,True,False,False,False,False,False,True,-0.06716137001651808,-0.026656384380356245
-0.26788344170225575,0.4178064640161999,0.7419567689456137,-2.390052290732627,-2.3841582427170787,False,True,True,False,False,True,True,False,True,False,False,False,False,False,True,0.24726815624207363,-0.20489974640480563
1.0890056734861997,-0.5463709009615656,0.6713383505173651,0.27514748322580457,-2.3841582427170787,False,True,True,False,True,False,True,False,True,False,False,False,True,False,False,0.11055966656442506,-0.2686851146431327
-0.6212105969566301,0.6449485140619823,-0.3173195074781142,0.27514748322580457,0.4194352464039304,False,True,True,False,False,True,True,False,True,False,False,False,False,True,False,0.2596962007582235,0.23901841302151922
0.17853589817003754,-0.5463709009615656,0.17700942151962545,0.27514748322580457,0.4194352464039304,False,True,True,False,False,True,True,False,True,False,False,False,True,False,False,-0.4242605157805577,-0.479698060389282
-0.38565916012038054,0.07773503315669524,-0.3526287166922385,0.27514748322580457,0.4194352464039304,False,True,False,True,True,False,True,False,True,False,False,False,False,False,True,-0.15125780457579885,-0.07925539237885827
-0.6769248589628089,0.4045458170267098,1.589377790084596,0.27514748322580457,0.4194352464039304,False,True,False,True,True,False,True,False,True,False,False,False,False,True,False,-0.005849683736845382,-0.5600040202829256
0.567125244567563,0.22060781039829844,0.4241738860184953,0.27514748322580457,0.4194352464039304,False,True,True,False,True,False,True,False,False,True,False,False,False,False,True,0.5467840290812855,0.10220881911550089
-0.399764036577641,0.7510336899779032,-0.3526287166922385,-0.613252441427006,0.4194352464039304,False,True,False,True,True,False,True,False,True,False,False,False,False,False,True,0.4925149013607644,0.4494635505177926
-0.5506862146703279,0.4173787012100873,0.6007199320891166,0.27514748322580457,0.4194352464039304,False,True,False,True,True,False,True,False,True,False,False,False,False,True,False,0.08073235972566538,-0.26603390207402444
2.877504008266825,-0.5463709009615656,-0.03484583376512011,0.27514748322580457,-2.3841582427170787,False,True,False,True,False,True,True,False,True,False,False,False,False,False,True,1.1611436963296273,0.7752104116405498
-1.1303966370637324,-0.11989138326731881,-1.9415431313278302,0.27514748322580457,0.4194352464039304,False,True,False,True,True,False,True,False,True,False,False,False,False,True,False,-0.7801168570929823,0.29708009865863977
0.06710737415767998,-0.4428523018823201,0.10639100309137693,0.27514748322580457,0.4194352464039304,False,True,False,True,False,True,True,False,False,False,True,False,False,True,False,-0.389461991135338,-0.43383225845567663
1.4592586804892866,-0.5463709009615656,-2.153398386612576,0.27514748322580457,0.4194352464039304,False,True,False,True,True,False,True,False,False,True,False,False,False,False,True,0.32805044559704777,2.4926186315235634
-0.2918617316795985,0.7305010752844991,0.9538120242303593,0.27514748322580457,0.4194352464039304,True,False,True,False,True,False,True,False,True,False,False,False,True,False,False,0.536013057167289,-0.09700879840213436
-1.0718613997661015,0.3985571377411336,1.0244304426586077,0.27514748322580457,0.4194352464039304,False,True,True,False,True,False,True,False,True,False,False,False,False,True,False,-0.24363960214584623,-0.5747224274983108
-0.8962556878732089,-0.009528579290272007,0.7066475597314894,0.27514748322580457,-2.3841582427170787,False,True,False,True,False,True,True,False,False,False,True,False,True,False,False,-0.5356986482753682,-0.683700030535022
-0.526707924692985,-0.5463709009615656,-1.2000497378312207,0.27514748322580457,0.4194352464039304,False,True,True,False,True,False,True,False,True,False,False,False,False,False,True,-0.8385286663188867,-0.32240713274145355
0.012803599797227241,0.004159830505330697,-0.17608267062161717,0.27514748322580457,0.4194352464039304,False,True,True,False,False,True,True,False,True,False,False,False,True,False,False,0.011549578585764437,-0.027823247800535484
-0.3567441633829966,0.22360215004108655,0.6360291413032408,0.27514748322580457,-2.3841582427170787,False,True,False,True,False,True,True,False,True,False,False,False,False,True,False,0.006992628929842816,-0.3237387894803195
-0.18607515825014512,0.9507989204324803,-0.5997931811911084,0.27514748322580457,0.4194352464039304,False,True,False,True,True,False,False,True,False,False,True,False,False,False,True,0.8115013772752777,0.8938357929381683
0.8252444837354292,0.45159972569909407,0.8831936058021107,0.27514748322580457,0.4194352464039304,False,True,False,True,True,False,True,False,True,False,False,False,False,False,True,0.9221109734690116,0.1584284119288133
-1.2298360160874187,13.927839169469955,-0.5291747627628598,0.27514748322580457,0.4194352464039304,False,True,True,False,True,False,True,False,True,False,False,False,False,False,True,12.766037397359838,11.19635820931308
0.5311578096015488,0.5020757368203791,0.17700942151962545,0.27514748322580457,0.4194352464039304,True,False,False,True,True,False,True,False,True,False,False,False,False,False,True,0.7982447964580512,0.3886449639875056
-0.17408601326147374,0.30915471126360344,-0.21139187983574143,0.27514748322580457,0.4194352464039304,False,True,False,True,False,True,True,False,False,False,True,False,False,True,False,0.19714171002693584,0.13430078913811075
-0.48298280767547763,-0.5463709009615656,-0.3526287166922385,0.27514748322580457,0.4194352464039304,False,True,False,True,True,False,False,True,False,True,False,False,False,True,False,-0.8128440409855102,-0.622604267414863
-1.082440057109047,0.14617708213470876,-0.1407734614074929,0.27514748322580457,0.4194352464039304,False,True,False,True,True,False,True,False,False,False,True,False,True,False,False,-0.4942718332215353,-0.4342964267867084
0.814665826392484,-0.5463709009615656,1.1656672795151048,0.27514748322580457,0.4194352464039304,False,True,False,True,False,True,False,True,True,False,False,False,False,False,True,-0.05059064399498491,-0.4949442187737382
-1.6085519489648616,-0.08182049352329879,-3.106747035393931,-3.2784522153854376,0.4194352464039304,False,True,False,True,True,False,True,False,False,False,True,False,False,False,True,-1.0241207977600582,2.720165110937515
-0.9978107983654841,-0.5463709009615656,-1.235358947045345,0.27514748322580457,0.4194352464039304,True,False,True,False,False,True,True,False,True,False,False,False,False,True,False,-1.1152597908784905,-0.6116066603857712
0.5896930468991797,-0.01166739332083493,0.17700942151962545,0.27514748322580457,0.4194352464039304,False,True,False,True,True,False,True,False,False,False,False,True,False,False,True,0.33509300415619936,0.0596691926377093
-0.807394966192468,-0.5463709009615656,-1.0588129009747238,0.27514748322580457,0.4194352464039304,False,True,True,False,True,False,True,False,True,False,False,False,False,False,True,-1.0034073902331415,-0.5610940876123162
-0.11414028831811683,-0.5463709009615656,1.059739651872732,0.27514748322580457,0.4194352464039304,True,False,True,False,True,False,True,False,True,False,False,False,True,False,False,-0.5961817982539642,-0.7866956677029104
-0.2819883181595162,-0.5463709009615656,-1.2000497378312207,0.27514748322580457,-2.3841582427170787,True,False,True,False,True,False,True,False,True,False,False,False,False,False,True,-0.6947776180820865,-0.1649935993350719
-1.0641037177146082,-0.22383774515267685,-0.3879379259063627,2.0519473325314257,0.4194352464039304,False,True,False,True,False,True,True,False,False,False,False,True,False,True,False,-0.8418428115231933,-0.6363030410826791
-1.3786424627115164,0.2248854384594243,-0.3173195074781142,0.27514748322580457,0.4194352464039304,False,True,False,True,True,False,True,False,False,True,False,False,False,False,True,-0.5920391167485809,-0.45328498806625783
-0.8320784999926738,0.2505512068261794,-0.03484583376512011,0.27514748322580457,-2.3841582427170787,True,False,True,False,True,False,True,False,True,False,False,False,False,False,True,-0.2461252110490762,-0.2814886868819272
0.19616699374161312,-0.5463709009615656,-1.0235036917605995,0.27514748322580457,0.4194352464039304,False,True,True,False,True,False,True,False,True,False,False,False,False,True,False,-0.41390381201709947,0.028929222088052528
0.38376185062317714,-0.5463709009615656,0.35355546759024675,0.27514748322580457,0.4194352464039304,True,False,True,False,True,False,True,False,True,False,False,False,False,True,False,-0.30370848397390393,-0.4463763518854042
-0.04079493074036247,-0.5463709009615656,-0.8469576456899781,-2.390052290732627,0.4194352464039304,False,True,False,True,False,True,True,False,False,False,False,True,True,False,False,-0.553097910597978,-0.20469274587770883
-0.6219158407794931,0.32369864667143133,0.6007199320891166,0.27514748322580457,0.4194352464039304,False,True,False,True,True,False,True,False,True,False,False,False,False,True,False,-0.0518334484465999,-0.35100866390441815
1.34571442500834,-0.5463709009615656,0.7066475597314894,0.27514748322580457,0.4194352464039304,False,True,False,True,True,False,True,False,True,False,False,False,True,False,False,0.26135327336037684,-0.18495381682752365
1.1362570096180222,-0.5463709009615656,0.9538120242303593,0.27514748322580457,0.4194352464039304,True,False,True,False,False,True,True,False,False,True,False,False,False,True,False,0.1383156326504931,-0.33276584438270024
-0.1226032141924731,1.3430574136377202,0.6360291413032408,0.27514748322580457,0.4194352464039304,False,True,False,True,False,True,True,False,True,False,False,False,False,True,False,1.228669404867375,0.4530414634040862
-0.37225952748598307,-0.10577521066560351,-0.17608267062161717,0.27514748322580457,0.4194352464039304,False,True,False,True,True,False,True,False,False,True,False,False,False,False,True,-0.32110774629651373,-0.28750370111817647
2.5883540408929857,0.1667096968281128,0.17700942151962545,0.27514748322580457,-2.3841582427170787,False,True,False,True,True,False,True,False,False,True,False,False,False,False,True,1.681878761556307,1.0162883631727606
0.23777637929053144,-0.5463709009615656,0.6713383505173651,0.27514748322580457,0.4194352464039304,False,True,False,True,False,True,True,False,False,False,True,False,False,True,False,-0.389461991135338,-0.5840710675456847
0.09602237089506391,-0.5463709009615656,-2.2240168050408244,-2.390052290732627,0.4194352464039304,False,True,False,True,True,False,True,False,True,False,False,False,True,False,False,-0.47272988939354216,1.21504655427096
0.8062029005181277,-0.5463709009615656,-0.8469576456899781,0.27514748322580457,0.4194352464039304,True,False,True,False,True,False,True,False,False,True,False,False,False,True,False,-0.05556186180144486,0.2736886086143356
-1.2552247937104875,-0.027494617147000557,-2.0474707589702033,0.27514748322580457,0.4194352464039304,False,True,True,False,True,False,True,False,True,False,False,False,False,False,True,-0.7639603992219874,0.4426589309180932
-0.8158578920668244,-0.3303506838747104,0.8831936058021107,0.27514748322580457,0.4194352464039304,True,False,False,True,True,False,True,False,True,False,False,False,False,True,False,-0.7991731920177454,-0.8775359643796352
0.6256604818651939,-0.5463709009615656,0.5301015136608681,0.27514748322580457,0.4194352464039304,False,True,False,True,False,True,True,False,True,False,False,False,True,False,False,-0.16161450833925708,-0.4017718667943674
0.5311578096015488,0.5020757368203791,0.17700942151962545,0.27514748322580457,0.4194352464039304,False,True,False,True,True,False,True,False,True,False,False,False,False,False,True,0.7982447964580512,0.3886449639875056
0.2963116165881623,0.5230361143198957,1.2362856979433534,0.27514748322580457,0.4194352464039304,False,True,True,False,True,False,True,False,True,False,False,False,True,False,False,0.6805926417051658,-0.10186989411232762
-0.6910297354200693,0.1808258694298281,0.07108179387725268,0.27514748322580457,0.4194352464039304,False,True,False,True,False,True,True,False,True,False,False,False,True,False,False,-0.23079728947915804,-0.30713454208435015
-0.9583171442851549,-0.5463709009615656,-1.5884510391865876,0.27514748322580457,-2.3841582427170787,False,True,False,True,True,False,True,False,True,False,False,False,False,False,True,-1.092060774448344,-0.4183485507258504
1.5862025686046306,-0.5463709009615656,1.1656672795151048,0.27514748322580457,0.4194352464039304,False,True,False,True,True,False,True,False,True,False,False,False,True,False,False,0.402618712693947,-0.2378764601986157
-1.179763704664144,0.4652881354946968,0.5301015136608681,0.27514748322580457,0.4194352464039304,True,False,True,False,False,True,True,False,True,False,False,False,False,False,True,-0.24239679769423125,-0.4544092547722081
-0.2911564878567355,-0.5463709009615656,-1.094122110188848,0.27514748322580457,0.4194352464039304,False,True,True,False,True,False,True,False,True,False,False,False,False,False,True,-0.7001631040390848,-0.22835821704747356
-1.1649535843840204,0.15687115228752335,-0.17608267062161717,0.27514748322580457,0.4194352464039304,True,False,False,True,False,True,True,False,True,False,False,False,False,True,False,-0.5323845030710616,-0.452431510821784
2.471988810120587,-0.5463709009615656,-0.7410300180476054,0.27514748322580457,0.4194352464039304,False,True,True,False,True,False,False,True,True,False,False,False,False,True,False,0.9229395097700882,1.1149153201942876
-0.7615541177063716,-0.5463709009615656,-1.3412865746877178,0.27514748322580457,0.4194352464039304,True,False,True,False,True,False,True,False,True,False,False,False,False,False,True,-0.9764799604481502,-0.4067577309949833
1.8831102180299633,0.009720746984794295,0.10639100309137693,0.27514748322580457,0.4194352464039304,False,True,False,True,True,False,False,True,False,False,True,False,True,False,False,1.1155741997704112,0.6548069931718434
2.286509684707612,-0.5463709009615656,1.2715949071574777,0.27514748322580457,0.4194352464039304,False,True,True,False,True,False,False,True,True,False,False,False,True,False,False,0.8139869861785077,-0.03840850683812687
0.19687223756447614,0.8652463592099633,1.3069041163716018,-2.390052290732627,0.4194352464039304,False,True,False,True,True,False,True,False,True,False,False,False,True,False,False,0.9535953529099246,0.02759141076215743
2.6468892781906166,-0.5463709009615656,0.5301015136608681,0.27514748322580457,0.4194352464039304,False,True,True,False,False,True,True,False,True,False,False,False,True,False,False,1.025678011103594,0.37186276881840963
2.5530918497498347,-0.5463709009615656,0.5301015136608681,0.27514748322580457,0.4194352464039304,True,False,True,False,True,False,True,False,True,False,False,False,True,False,False,0.970580347081996,0.33596137086429273
-2.376562472062693,0.7014132044688434,-0.24670108904986568,0.27514748322580457,0.4194352464039304,True,False,False,True,False,True,True,False,False,False,True,False,False,True,False,-0.716733830060618,-0.5759101429193493
-0.4124584253891754,-0.5463709009615656,-1.5884510391865876,0.27514748322580457,0.4194352464039304,True,False,True,False,True,False,True,False,True,False,False,False,False,False,True,-0.7714172259316774,-0.003913751761857466
0.9028213042503618,-0.19132777188812042,0.7066475597314894,0.27514748322580457,0.4194352464039304,False,True,False,True,True,False,True,False,True,False,False,False,False,True,False,0.34503543976911927,-0.13259064886031235
-0.40893220627486027,0.9148668447190231,-1.7296878760430847,-2.390052290732627,0.4194352464039304,False,True,False,True,True,False,True,False,True,False,False,False,False,True,False,0.6457941170599462,2.068927201458906
0.49448513081267165,-0.5463709009615656,-0.17608267062161717,0.27514748322580457,0.4194352464039304,False,True,False,True,True,False,True,False,False,False,False,True,False,False,True,-0.23866838433938628,-0.22314951654755316
-1.1402700505838146,-0.5463709009615656,-1.8356155036854576,0.27514748322580457,0.4194352464039304,True,False,True,False,False,True,True,False,True,False,False,False,False,True,False,-1.1989419572872329,-0.42024244120824394
0.2081561387302845,-0.5463709009615656,-1.3412865746877178,0.27514748322580457,0.4194352464039304,False,True,False,True,True,False,True,False,False,True,False,False,False,False,True,-0.4068612534579478,0.25369064191702656
-0.34616550604005125,0.0011654908625426056,0.5654107228749924,0.27514748322580457,-2.3841582427170787,False,True,False,True,True,False,True,False,False,True,False,False,False,True,False,-0.20221278709201332,-0.4378923106253153
3.5573590535067785,-0.5463709009615656,1.589377790084596,0.27514748322580457,0.4194352464039304,True,False,True,False,True,False,False,True,False,True,False,False,False,True,False,1.5604981934485767,0.2578481664126122
-0.8475938640956603,-0.5463709009615656,-3.389220709106925,0.27514748322580457,0.4194352464039304,True,False,True,False,True,False,True,False,True,False,False,False,False,False,True,-1.0270206748138264,6.159492041409629
-0.1691493065014326,0.18510349749095395,1.589377790084596,0.27514748322580457,-2.3841582427170787,False,True,False,True,True,False,True,False,False,False,True,False,True,False,False,0.07990382342458872,-0.5152287220427836
-0.1564549176898982,-0.5463709009615656,-0.8822668549041024,-4.522212109899372,0.4194352464039304,False,True,True,False,False,True,True,False,True,False,False,False,False,True,False,-0.621037887286264,-0.2535040587207927
0.13763175644398223,-0.5463709009615656,0.17700942151962545,0.27514748322580457,0.4194352464039304,False,True,False,True,True,False,True,False,True,False,False,False,False,True,False,-0.44828806851178077,-0.49676478197987983
0.011393112151501196,-0.5463709009615656,-0.17608267062161717,-1.5016523660798164,0.4194352464039304,False,True,True,False,False,True,True,False,False,True,False,False,False,False,True,-0.5224420674581416,-0.44467020212984953
-0.41810037597207955,-0.5463709009615656,-0.5997931811911084,0.27514748322580457,-2.3841582427170787,False,True,True,False,True,False,True,False,True,False,False,False,False,True,False,-0.774731371135984,-0.5113716738797753
0.2963116165881623,0.42678948294456415,1.3775225347998503,0.27514748322580457,0.4194352464039304,True,False,True,False,True,False,True,False,True,False,False,False,False,True,False,0.5873823078340418,-0.19408921417516628
-0.05631029484334897,-0.5463709009615656,-0.8469576456899781,-0.613252441427006,0.4194352464039304,False,True,True,False,True,False,True,False,True,False,False,False,False,True,False,-0.5622118099098212,-0.21345576819146836
-0.22980027526765254,-0.5463709009615656,-1.9415431313278302,0.27514748322580457,0.4194352464039304,False,True,True,False,True,False,True,False,True,False,False,False,False,False,True,-0.6641217749422501,0.4764018386977795
0.43736038116076686,0.06532991177943027,0.8478843965879864,0.27514748322580457,0.4194352464039304,False,True,False,True,False,True,True,False,False,False,True,False,True,False,False,0.3201793507368195,-0.1930495693769098
-0.20934820440462487,0.3241264094775439,1.5187593716563474,0.27514748322580457,0.4194352464039304,False,True,False,True,True,False,True,False,False,False,True,False,False,False,True,0.1909276877688609,-0.4418183118554642
1.3541773508826962,-0.5463709009615656,0.0004633754490041501,0.27514748322580457,-2.3841582427170787,True,False,False,True,True,False,False,True,True,False,False,False,True,False,False,0.26632449116683676,0.08716249300096221
1.7385352343430436,-0.5463709009615656,0.35355546759024675,0.27514748322580457,-2.3841582427170787,False,True,True,False,False,True,True,False,True,False,False,False,True,False,False,0.49210063321022607,0.09452051367415712
0.6820799876942357,-0.5463709009615656,0.35355546759024675,0.27514748322580457,0.4194352464039304,True,False,True,False,True,False,True,False,True,False,False,False,False,True,False,-0.12847305629619077,-0.32727204468514665
-0.901897638456113,-0.12468233191448606,-0.952885273332351,-2.390052290732627,0.4194352464039304,False,True,False,True,True,False,True,False,False,False,True,False,False,False,True,-0.6505337846586644,-0.24866113975080117
0.28784869071380603,-0.5463709009615656,-1.9415431313278302,-1.5016523660798164,0.4194352464039304,False,True,False,True,True,False,True,False,False,True,False,False,False,False,True,-0.36004895244711665,0.9464809715146673
0.7074687653173045,0.09869541065621187,0.8125751873738621,0.27514748322580457,0.4194352464039304,False,True,False,True,True,False,True,False,False,True,False,False,True,False,False,0.5111569681349892,-0.06536130863807642
-0.28692502491955735,-0.5463709009615656,-1.094122110188848,0.27514748322580457,0.4194352464039304,False,True,False,True,False,True,True,False,False,False,False,True,False,True,False,-0.6976774951358548,-0.225745243121189
-0.7432177783119329,0.2163301823371726,1.4128317440139746,0.27514748322580457,0.4194352464039304,False,True,True,False,True,False,True,False,True,False,False,False,True,False,False,-0.22706887612431306,-0.6435913921117443
0.7074687653173045,-0.5463709009615656,0.247627839947874,0.27514748322580457,0.4194352464039304,True,False,False,True,True,False,True,False,True,False,False,False,True,False,False,-0.11355940287681092,-0.28287610666579516
-0.45477305476095675,-0.5463709009615656,-0.24670108904986568,0.27514748322580457,0.4194352464039304,False,True,True,False,True,False,True,False,True,False,False,False,False,True,False,-0.7962733149639771,-0.6392549653747337
-0.77283801887218,0.438339078709604,1.1303580703009806,0.27514748322580457,0.4194352464039304,True,False,False,True,True,False,True,False,True,False,False,False,False,True,False,-0.029462968317530137,-0.47481088823965073
0.4310131867549996,-0.5463709009615656,0.5301015136608681,0.27514748322580457,0.4194352464039304,False,True,True,False,True,False,True,False,True,False,False,False,True,False,False,-0.27595251788783587,-0.47627401593223434
4.3183171383759795,-0.5463709009615656,0.247627839947874,0.27514748322580457,0.4194352464039304,False,True,False,True,True,False,True,False,False,False,True,False,False,False,True,2.0074935278794337,1.1970383294599996
0.254702231039244,0.4528830141174318,1.0244304426586077,0.27514748322580457,0.4194352464039304,False,True,False,True,True,False,True,False,True,False,False,False,False,True,False,0.5882108441351184,-0.08890283083354335
-0.6592937633912332,0.9251331520657252,0.5301015136608681,0.27514748322580457,-2.3841582427170787,True,False,False,True,True,False,True,False,True,False,False,False,False,False,True,0.5086713592317592,0.03498348576022894
0.45569672055520544,-0.10149758260447767,0.17700942151962545,0.27514748322580457,0.4194352464039304,False,True,False,True,False,True,True,False,False,False,True,False,False,False,True,0.16938574394086778,-0.05803233557330897
-0.4984981717784641,0.2544010720811926,0.9538120242303593,0.27514748322580457,-2.3841582427170787,False,True,False,True,True,False,True,False,False,False,True,False,False,True,False,-0.046447962489601625,-0.4422946386611716
0.7836350981865109,-0.5463709009615656,-0.17608267062161717,0.27514748322580457,0.4194352464039304,False,True,False,True,True,False,True,False,False,False,False,True,False,True,False,-0.06881844261867139,-0.09056049306033916
0.9204523998219373,-0.5463709009615656,-2.0121615497560787,0.27514748322580457,0.4194352464039304,False,True,True,False,False,True,True,False,True,False,False,False,True,False,False,0.011549578585764437,1.6486458286664674
0.41338209118342406,-0.5463709009615656,-2.153398386612576,0.27514748322580457,0.4194352464039304,True,False,True,False,True,False,True,False,True,False,False,False,False,True,False,-0.28630922165129413,1.4162185391124325
-0.8144474044210983,0.4545940653418822,1.342213325585726,0.27514748322580457,0.4194352464039304,False,True,False,True,True,False,True,False,True,False,False,False,False,True,False,-0.038162599478835046,-0.5267725413857617
0.09672761471792693,-0.5463709009615656,0.5301015136608681,0.27514748322580457,0.4194352464039304,False,True,False,True,True,False,True,False,False,False,True,False,False,True,False,-0.47231562124300386,-0.6042233590168317
-1.8017887564293298,0.6398153603886313,0.247627839947874,0.27514748322580457,0.4194352464039304,False,True,False,True,True,False,True,False,True,False,False,False,True,False,False,-0.43875990104939916,-0.5097770504858634
-0.4230370827321207,0.34465902417094796,0.5301015136608681,0.27514748322580457,0.4194352464039304,False,True,True,False,True,False,True,False,True,False,False,False,True,False,False,0.08528930938158699,-0.24089041430824906
-0.46041500534386093,0.48239864773920016,0.21231863073374974,0.27514748322580457,0.4194352464039304,False,True,True,False,False,True,True,False,True,False,False,False,False,True,False,0.19672744187639749,-0.05262016708860598
1.1778663951669406,-0.5463709009615656,-0.3879379259063627,0.27514748322580457,0.4194352464039304,False,True,False,True,True,False,True,False,False,False,False,True,False,False,True,0.16275745353225451,0.19744192881734343
0.39010904502894433,-0.5463709009615656,0.6007199320891166,0.27514748322580457,0.4194352464039304,False,True,True,False,True,False,True,False,True,False,False,False,False,True,False,-0.29998007061905896,-0.5100707962056863
-0.6910297354200693,0.18809783713374204,-0.21139187983574143,-0.613252441427006,0.4194352464039304,True,False,True,False,True,False,False,True,True,False,False,False,False,True,False,-0.22375473092000644,-0.19754689950003418
-0.8475938640956603,-0.5463709009615656,-2.0827799681843273,0.27514748322580457,0.4194352464039304,True,False,True,False,True,False,True,False,True,False,False,False,True,False,False,-1.0270206748138264,0.04499406592884618
-0.38848013541183263,-0.5463709009615656,-0.21139187983574143,0.27514748322580457,0.4194352464039304,False,True,False,True,True,False,True,False,False,False,False,True,False,False,True,-0.7573321088133742,-0.6182357016318559
-0.9886426286682648,-0.5463709009615656,-1.3765957839018421,-0.613252441427006,-2.3841582427170787,False,True,False,True,True,False,False,True,False,True,False,False,True,False,False,-1.109874304921492,-0.5458085493504932
0.11859017322668063,0.16713745963422538,0.17700942151962545,0.27514748322580457,0.4194352464039304,False,True,True,False,False,True,True,False,True,False,False,False,False,True,False,0.23152596652161714,-0.013894262494177002
-0.29679843843963966,-0.3491722473436641,0.10639100309137693,-3.811492170177124,0.4194352464039304,False,True,False,True,True,False,True,False,False,False,True,False,False,False,True,-0.5124996318452217,-0.5228291914954161
0.7561305890948531,-0.5463709009615656,0.17700942151962545,0.27514748322580457,0.4194352464039304,False,True,False,True,False,True,True,False,False,False,True,False,True,False,False,-0.08497490048966622,-0.23870418137722219
-0.4590045176981349,0.45159972569909407,1.2009764887292291,0.27514748322580457,0.4194352464039304,True,False,False,True,True,False,True,False,True,False,False,False,False,True,False,0.16772867133871447,-0.3799418116044364
0.41338209118342406,-0.5463709009615656,0.38886467680437103,0.27514748322580457,-2.3841582427170787,True,False,True,False,True,False,True,False,True,False,False,False,False,True,False,-0.28630922165129413,-0.44457622616990444
-0.11414028831811683,-0.5463709009615656,0.777265978159738,0.27514748322580457,0.4194352464039304,False,True,True,False,True,False,True,False,True,False,False,False,False,True,False,-0.5961817982539642,-0.7353908372798821
0.9528936156736364,-0.5463709009615656,0.8125751873738621,0.27514748322580457,0.4194352464039304,False,True,False,True,False,True,True,False,False,False,False,True,False,True,False,0.03060591351052757,-0.3590676801971989
-1.4399986753005993,0.06319109774886736,-2.6477273156103154,0.27514748322580457,0.4194352464039304,False,True,False,True,True,False,True,False,False,True,False,False,False,False,True,-0.7846738067489039,1.5142987163275419
-0.7615541177063716,-0.5463709009615656,-1.764997085257209,0.27514748322580457,0.4194352464039304,False,True,True,False,True,False,True,False,True,False,False,False,False,True,False,-0.9764799604481502,-0.14944018310718718
1.001555439451185,-0.5463709009615656,-1.1647405286170964,0.27514748322580457,-2.3841582427170787,False,True,False,True,True,False,True,False,False,False,True,False,False,True,False,0.05919041589767227,0.6295622563887433
-0.151518210929857,0.27365039835625893,0.247627839947874,0.27514748322580457,-2.3841582427170787,False,True,False,True,False,True,True,False,False,False,True,False,True,False,False,0.17601403434948104,-0.08083310064002751
-0.4463101288866005,0.16542640840977504,-1.235358947045345,-2.390052290732627,-2.3841582427170787,False,True,False,True,False,True,True,False,False,False,False,True,False,False,True,-0.10195989466173772,0.5136282381515789
0.9430202021535541,-0.5463709009615656,0.8831936058021107,0.27514748322580457,-2.3841582427170787,False,True,True,False,True,False,True,False,True,False,False,False,True,False,False,0.024806159402990965,-0.38161944344642135
-0.9357493419535381,0.3232708838653187,0.17700942151962545,0.27514748322580457,0.4194352464039304,False,True,False,True,False,True,True,False,True,False,False,False,True,False,False,-0.23659704358669464,-0.3464010796903037
-0.2354422258505567,0.05976899529996668,1.1656672795151048,0.27514748322580457,0.4194352464039304,False,True,False,True,True,False,True,False,True,False,False,False,False,True,False,-0.0804179508337446,-0.5118627549870917
-0.7262919265632204,0.327120749120332,0.7419567689456137,0.27514748322580457,0.4194352464039304,False,True,True,False,False,True,True,False,True,False,False,False,True,False,False,-0.10983098952196596,-0.4265910381821019
-0.870161666427277,0.13804958881856963,0.9538120242303593,0.27514748322580457,0.4194352464039304,False,True,True,False,False,True,True,False,True,False,False,False,False,True,False,-0.3774482147697265,-0.6385132633887468
-0.4653517121039021,-0.5394753641677099,-0.6351023904052325,0.27514748322580457,0.4194352464039304,False,True,False,True,True,False,True,False,True,False,False,False,True,False,False,-0.7958093342873889,-0.517799516028516
0.2271977219475861,0.16628193402200023,0.1417002123055012,0.27514748322580457,0.4194352464039304,False,True,True,False,False,True,True,False,True,False,False,False,True,False,False,0.2944947254034431,0.045726911614167795
-0.24531563937063902,0.2877665709579742,0.10639100309137693,0.27514748322580457,0.4194352464039304,False,True,False,True,True,False,True,False,True,False,False,False,True,False,False,0.13458721929564815,-0.05477124736048981
-0.9787692151481825,0.19879190728655663,-2.118089177398452,0.27514748322580457,0.4194352464039304,False,True,False,True,False,True,True,False,False,False,True,False,False,True,False,-0.38241943257618644,1.1857529765078856
0.7194579103059758,-0.5463709009615656,-1.1294313194029721,-2.390052290732627,0.4194352464039304,False,True,False,True,True,False,True,False,True,False,False,False,False,True,False,-0.10651684431765933,0.4227784071687008
-0.02880578575169109,0.04223072024935072,-1.764997085257209,0.27514748322580457,0.4194352464039304,False,True,False,True,True,False,True,False,True,False,False,False,True,False,False,0.023977623101914307,1.2591160740306082
-1.241119917253227,0.1889533627459672,-0.17608267062161717,0.27514748322580457,0.4194352464039304,False,True,False,True,True,False,True,False,True,False,False,False,False,False,True,-0.5460553520388264,-0.463103310273194
0.27868052101658675,0.5362967613093857,-1.764997085257209,0.27514748322580457,0.4194352464039304,False,True,True,False,False,True,True,False,True,False,False,False,True,False,False,0.6830782506083958,2.1870717697267708
-1.2354779666703228,0.02255363116817183,-0.17608267062161717,0.27514748322580457,-2.3841582427170787,False,True,False,True,True,False,True,False,True,False,False,False,False,False,True,-0.7038915173939297,-0.5863140857576536
-0.40893220627486027,0.16628193402200023,-0.17608267062161717,2.0519473325314257,-2.3841582427170787,False,True,False,True,False,True,True,False,True,False,False,False,False,False,True,-0.07917514638212962,-0.09864518961443766
-0.9160025149133735,-0.5463709009615656,0.28293704916199824,0.27514748322580457,0.4194352464039304,False,True,False,True,False,True,True,False,False,False,True,False,True,False,False,-1.0672046854160442,-0.9540429626012786
-0.7566174109463304,-0.5463709009615656,-1.7296878760430847,0.27514748322580457,0.4194352464039304,True,False,True,False,True,False,True,False,True,False,False,False,True,False,False,-0.973580083394382,-0.17101031561270089
-0.023163835168786912,-0.5463709009615656,-0.8822668549041024,0.27514748322580457,-2.3841582427170787,False,True,True,False,True,False,True,False,False,False,True,False,True,False,False,-0.5427412068345198,-0.17729231920415822
0.7956242431751823,0.046936111116589144,1.589377790084596,0.27514748322580457,0.4194352464039304,False,True,False,True,True,False,True,False,False,False,True,False,False,True,False,0.5128140407371425,-0.2891891729560773
-0.7030188804087407,0.46229379585190866,0.5301015136608681,0.27514748322580457,0.4194352464039304,False,True,False,True,False,True,True,False,True,False,False,False,False,False,True,0.034748595015910856,-0.27382252370976995
-0.05631029484334897,-0.08310378194163653,1.059739651872732,0.27514748322580457,0.4194352464039304,False,True,False,True,False,True,True,False,False,True,False,False,False,False,True,-0.11355940287681092,-0.5069057206329137
-0.058426026311938044,0.29375525024355037,0.38886467680437103,0.27514748322580457,0.4194352464039304,False,True,False,True,True,False,True,False,True,False,False,False,True,False,False,0.2501680332958419,-0.08305900025766454
-0.9639590948680591,-0.5463709009615656,-1.3765957839018421,0.27514748322580457,0.4194352464039304,True,False,True,False,False,True,True,False,True,False,False,False,True,False,False,-1.0953749196526505,-0.5287462196079631
0.07839127532348834,-0.5463709009615656,0.17700942151962545,0.27514748322580457,0.4194352464039304,False,True,True,False,False,True,True,False,True,False,False,False,True,False,False,-0.48308659315700037,-0.5214821029041935
0.72509986088888,0.6706142824287373,1.2362856979433534,-2.390052290732627,0.4194352464039304,True,False,False,True,True,False,True,False,False,True,False,False,False,True,False,1.0753901891681934,0.11888933919877444
1.036817630594336,-0.5463709009615656,0.45948309523261954,0.27514748322580457,0.4194352464039304,False,True,True,False,True,False,True,False,True,False,False,False,False,True,False,0.07990382342458872,-0.22148909651577023
0.8252444837354292,-0.5463709009615656,-0.3879379259063627,0.27514748322580457,0.4194352464039304,False,True,True,False,True,False,True,False,True,False,False,False,False,True,False,-0.044376621736909976,0.02553574945651405
-0.29961941373109174,0.21461913111272227,1.2362856979433534,0.27514748322580457,0.4194352464039304,False,True,False,True,True,False,True,False,False,True,False,False,False,True,False,0.03184871796214256,-0.4646285083465203
0.014214087442953287,-0.5463709009615656,-0.8822668549041024,0.27514748322580457,0.4194352464039304,False,True,True,False,True,False,True,False,True,False,False,False,False,False,True,-0.5207849948559883,-0.15592077320213923
0.6954796203286331,-0.5463709009615656,-0.17608267062161717,0.27514748322580457,0.4194352464039304,False,True,False,True,True,False,True,False,False,False,True,False,False,False,True,-0.12060196143596251,-0.1309839758308312
1.7067992623142074,-0.5463709009615656,1.2715949071574777,0.27514748322580457,0.4194352464039304,False,True,True,False,True,False,True,False,True,False,False,False,False,False,True,0.47345856643600126,-0.22748109199710112
0.784340342009374,-0.5463709009615656,0.03577258466312841,0.27514748322580457,0.4194352464039304,False,True,True,False,True,False,False,True,False,True,False,False,True,False,False,-0.06840417446813306,-0.1753213584284476
-0.17408601326147374,-0.5463709009615656,-1.235358947045345,0.27514748322580457,0.4194352464039304,False,True,True,False,True,False,True,False,True,False,False,False,False,False,True,-0.6313945910497222,-0.07429089526245777
-0.6910297354200693,0.27108382151958343,0.38886467680437103,0.27514748322580457,-2.3841582427170787,False,True,False,True,False,True,True,False,True,False,False,False,False,True,False,-0.1433867097155706,-0.34826468722031156
-0.8793298361244963,0.07431293070779456,-0.10546425219336863,2.0519473325314257,-2.3841582427170787,False,True,True,False,False,True,True,False,True,False,False,False,False,False,True,-0.4445596551569358,-0.40763444269212334
1.3562930823512853,1.3742840984839388,-1.235358947045345,0.27514748322580457,0.4194352464039304,False,True,False,True,True,False,False,True,True,False,False,False,False,True,False,2.127631291535549,2.9895130394304084
2.1355875066149252,-0.5463709009615656,1.1303580703009806,-2.390052290732627,0.4194352464039304,False,True,False,True,False,True,True,False,False,True,False,False,False,False,True,0.7253336019633053,-0.043575517434346935
-1.1043026156178006,0.2787835520296099,-1.094122110188848,0.27514748322580457,0.4194352464039304,False,True,True,False,True,False,True,False,True,False,False,False,False,False,True,-0.37869101922134146,0.10958641075200214
1.4973418469238897,-0.5463709009615656,0.8831936058021107,0.27514748322580457,0.4194352464039304,False,True,False,True,False,True,False,True,False,False,False,True,True,False,False,0.35042092572611755,-0.1856463989750759
-0.3503969689772294,0.38101886269051766,0.7419567689456137,0.27514748322580457,0.4194352464039304,False,True,False,True,False,True,True,False,False,False,True,False,False,False,True,0.16317172168279284,-0.25710778843588583
1.565750497741603,-0.5463709009615656,0.9538120242303593,0.27514748322580457,0.4194352464039304,False,True,True,False,False,True,False,True,True,False,False,False,False,True,False,0.3906049363283355,-0.18320746833877882
-0.776364237986495,-0.5463709009615656,-1.6237602484007119,0.27514748322580457,0.4194352464039304,False,True,True,False,True,False,True,False,True,False,False,False,False,False,True,-0.9851795916094551,-0.25808079545896084
-0.7030188804087407,0.4503164372807563,0.7066475597314894,0.27514748322580457,0.4194352464039304,False,True,False,True,True,False,True,False,False,False,True,False,True,False,False,0.02314908680083765,-0.33400738901141735
0.07909651914635137,-0.5463709009615656,-0.423247135120487,0.27514748322580457,0.4194352464039304,True,False,True,False,True,False,True,False,True,False,False,False,True,False,False,-0.48267232500646207,-0.324713947045465
0.30265881099392955,0.18809783713374204,0.38886467680437103,0.27514748322580457,0.4194352464039304,False,True,False,True,True,False,True,False,False,False,True,False,False,True,False,0.3599490931884991,-0.009080571789136831
-0.027395298105965048,-0.5463709009615656,0.247627839947874,0.27514748322580457,0.4194352464039304,True,False,True,False,True,False,True,False,False,True,False,False,False,True,False,-0.5452268157377498,-0.5840618180804589
0.19687223756447614,-0.5463709009615656,-0.3173195074781142,0.27514748322580457,0.4194352464039304,False,True,False,True,True,False,True,False,False,False,True,False,False,True,False,-0.4134895438665611,-0.3081571836553475
-0.150812967106994,0.39470727248612036,1.059739651872732,0.27514748322580457,0.4194352464039304,False,True,False,True,True,False,True,False,True,False,False,False,True,False,False,0.29366618910236647,-0.27082544769745687
-0.8320784999926738,-0.5463709009615656,-1.0588129009747238,0.27514748322580457,0.4194352464039304,False,True,False,True,True,False,True,False,True,False,False,False,False,False,True,-1.017906775501983,-0.5761358783063888
-0.3475759936857773,0.39898490054724617,1.0950488610868563,0.27514748322580457,-2.3841582427170787,False,True,False,True,True,False,True,False,True,False,False,False,False,True,False,0.18222805660755598,-0.34471502677706195
-0.6437783992882468,0.14874365897138425,-0.7410300180476054,0.27514748322580457,0.4194352464039304,True,False,True,False,True,False,True,False,True,False,False,False,False,False,True,-0.23411143468346465,0.04167470606003656
-0.6078109643222326,-0.5463709009615656,-1.235358947045345,0.27514748322580457,0.4194352464039304,False,True,True,False,True,False,True,False,True,False,False,False,False,True,False,-0.8861695036307945,-0.3572097270696818
1.1186259140464467,-0.5463709009615656,0.8125751873738621,0.27514748322580457,0.4194352464039304,False,True,True,False,True,False,False,True,True,False,False,False,False,True,False,0.1279589288870349,-0.2995668204416871
-0.11555077596384287,0.6582091610514724,0.28293704916199824,0.27514748322580457,0.4194352464039304,True,False,False,True,True,False,True,False,True,False,False,False,False,True,False,0.5695687773608936,0.17795922848978268
-0.7615541177063716,-0.5463709009615656,-0.3173195074781142,2.0519473325314257,0.4194352464039304,False,True,True,False,True,False,True,False,True,False,False,False,False,True,False,-0.9764799604481502,-0.7657643441992624
4.050324485688031,-0.5463709009615656,-1.0588129009747238,-2.390052290732627,0.4194352464039304,False,True,False,True,True,False,True,False,True,False,False,False,False,False,True,1.8500716306748686,2.399130320981165
-1.0175576254056489,3.294939097929443,1.1303580703009806,0.27514748322580457,-2.3841582427170787,True,False,True,False,True,False,True,False,True,False,False,False,False,True,False,2.5932686927406308,1.023625518219393
-0.10567736244376055,-0.01166739332083493,0.8125751873738621,0.27514748322580457,-2.3841582427170787,False,True,False,True,True,False,True,False,False,False,False,True,False,True,False,-0.07337539227459301,-0.42261966231904347
-1.0168523815827857,-0.5463709009615656,-0.21139187983574143,0.27514748322580457,-2.3841582427170787,True,False,True,False,True,False,True,False,True,False,False,False,False,True,False,-1.1264450309430254,-0.909255672671804
-0.08028858482069175,-0.02877790556533831,0.8831936058021107,0.27514748322580457,0.4194352464039304,False,True,False,True,True,False,False,True,False,True,False,False,True,False,False,-0.07503246487674632,-0.4417078705680425
-0.4970876841327381,0.2022140097354573,0.0004633754490041501,0.27514748322580457,0.4194352464039304,False,True,False,True,False,True,True,False,True,False,False,False,False,True,False,-0.0961601405542011,-0.18245451000599877
-0.338407823988558,0.052497027596052744,0.28293704916199824,0.27514748322580457,0.4194352464039304,False,True,False,True,True,False,True,False,False,False,True,False,False,False,True,-0.14794365937149223,-0.3182766092651447
0.5840510963162755,-0.5463709009615656,0.5301015136608681,0.27514748322580457,0.4194352464039304,True,False,True,False,False,True,True,False,True,False,False,False,False,True,False,-0.1860563292210185,-0.4176980508492012
0.20251418814738031,-0.5463709009615656,-1.517832620758339,0.27514748322580457,0.4194352464039304,True,False,True,False,False,True,False,True,False,True,False,False,False,True,False,-0.4101753986622545,0.39726239730295504
1.2773057741906269,-0.5463709009615656,0.8831936058021107,0.27514748322580457,0.4194352464039304,False,True,False,True,True,False,True,False,False,False,True,False,False,False,True,0.2211692627581589,-0.2634372257881289
0.537505004007316,-0.4655237306062871,0.6713383505173651,0.27514748322580457,0.4194352464039304,False,True,False,True,True,False,True,False,False,False,False,True,False,True,False,-0.13510134670480403,-0.4236344684718099
0.4958956184583977,0.4729878660047233,0.777265978159738,0.27514748322580457,0.4194352464039304,True,False,False,True,True,False,True,False,False,False,True,False,False,True,False,0.7493611546945284,0.09341182996351652
2.2590051756159544,-0.5463709009615656,0.8831936058021107,0.27514748322580457,0.4194352464039304,False,True,True,False,False,True,True,False,True,False,False,False,False,True,False,0.7978305283075129,0.08362953999318522
-1.1437962696981299,0.4956592947286903,0.918502815016235,0.27514748322580457,0.4194352464039304,False,True,False,True,False,True,True,False,False,True,False,False,True,False,False,-0.1918560833285551,-0.5203184627957437
-1.5077020822954494,-0.5463709009615656,-2.471181269539694,0.27514748322580457,0.4194352464039304,False,True,True,False,False,True,True,False,True,False,False,False,False,False,True,-1.4147756637177022,-0.2992714261024752
-1.241119917253227,0.21034150305159643,-0.3526287166922385,0.27514748322580457,0.4194352464039304,False,True,False,True,False,True,True,False,True,False,False,False,True,False,False,-0.52534194451191,-0.3864839673052905
-0.526707924692985,0.24798462998950385,0.7419567689456137,0.27514748322580457,0.4194352464039304,False,True,True,False,True,False,True,False,True,False,False,False,True,False,False,-0.06923271076920971,-0.40138715582227
-0.4392576906579702,-0.5463709009615656,-0.8469576456899781,0.27514748322580457,0.4194352464039304,False,True,False,True,True,False,True,False,False,False,True,False,False,True,False,-0.7871594156521339,-0.4297430916628922
-1.1734165102583767,1.6193921863864498,-1.3412865746877178,0.27514748322580457,0.4194352464039304,False,True,True,False,True,False,True,False,True,False,False,False,True,False,False,0.8790270858130254,1.7446228233853018
1.001555439451185,-0.5463709009615656,0.9538120242303593,0.27514748322580457,0.4194352464039304,True,False,True,False,True,False,True,False,True,False,False,False,True,False,False,0.05919041589767227,-0.3796716733225839
0.25963893779928515,0.1949420420315434,1.5540685808704717,0.27514748322580457,-2.3841582427170787,False,True,False,True,True,False,True,False,True,False,False,False,True,False,False,0.3413070264142743,-0.3705475482027942
-1.0732718874118274,0.36647492728268977,-0.5997931811911084,0.27514748322580457,0.4194352464039304,False,True,False,True,True,False,True,False,True,False,False,False,False,False,True,-0.27553824973729757,-0.06914785629930452
-0.3969430612861889,-0.26276416050892204,-0.10546425219336863,0.27514748322580457,0.4194352464039304,True,False,False,True,False,True,True,False,True,False,False,False,False,True,False,-0.487643542812922,-0.4406137252568806
-1.119112735897924,0.14874365897138425,0.28293704916199824,-2.390052290732627,0.4194352464039304,False,True,False,True,False,True,True,False,False,False,True,False,False,True,False,-0.5133281681462984,-0.5709786929255639
0.19052504315870894,-0.125880062552895,-0.17608267062161717,0.27514748322580457,0.4194352464039304,False,True,False,True,False,True,True,False,False,False,False,True,False,True,False,-0.009992365242228672,-0.04463941663306008
-0.3482812375086403,-0.5463709009615656,0.5301015136608681,0.27514748322580457,0.4194352464039304,True,False,True,False,True,False,True,False,True,False,False,False,False,True,False,-0.7337188242326894,-0.774552547806665
0.12000066087240667,-0.5463709009615656,-0.17608267062161717,0.27514748322580457,0.4194352464039304,False,True,True,False,True,False,True,False,True,False,False,False,False,False,True,-0.458644772275239,-0.39486847135660336
0.02831896390021374,-0.5463709009615656,-2.824273361680937,-3.2784522153854376,0.4194352464039304,False,True,True,False,False,True,True,False,True,False,False,False,False,True,False,-0.5124996318452217,2.9400066672354983
1.5791501303760005,1.592443129601357,0.5301015136608681,0.27514748322580457,0.4194352464039304,False,True,False,True,True,False,True,False,False,False,True,False,True,False,False,2.4698167838802085,1.3128573046684242
-0.6910297354200693,0.9507989204324803,0.35355546759024675,0.27514748322580457,0.4194352464039304,False,True,False,True,True,False,True,False,True,False,False,False,False,False,True,0.5148853814898342,0.11000688931485256
-0.8793298361244963,0.10211751310511255,-0.3526287166922385,0.27514748322580457,0.4194352464039304,False,True,False,True,False,True,True,False,True,False,False,False,False,False,True,-0.4176322253719444,-0.29802391250919696
0.12000066087240667,-0.5463709009615656,0.38886467680437103,0.27514748322580457,0.4194352464039304,False,True,False,True,True,False,True,False,False,True,False,False,False,True,False,-0.458644772275239,-0.5607084006714426
-0.28692502491955735,0.7459005363045522,1.1303580703009806,0.27514748322580457,0.4194352464039304,False,True,False,True,True,False,True,False,True,False,False,False,False,False,True,0.5538265876404371,-0.14156203967001968
-0.6444836431111098,0.34465902417094796,-0.3526287166922385,0.27514748322580457,0.4194352464039304,False,True,False,True,True,False,True,False,False,False,False,True,True,False,False,-0.04479088988744831,0.008183969477280333
-0.7615541177063716,0.3596307223848884,-0.03484583376512011,0.27514748322580457,0.4194352464039304,False,True,False,True,True,False,True,False,True,False,False,False,False,True,False,-0.09906001760796941,-0.17105943166394683
-0.4921509773726969,0.24199595070392768,0.6360291413032408,2.0519473325314257,0.4194352464039304,False,True,False,True,True,False,True,False,False,True,False,False,False,True,False,-0.054733325500368205,-0.3629860793005218
-0.7615541177063716,-0.5463709009615656,-0.423247135120487,0.27514748322580457,0.4194352464039304,True,False,True,False,True,False,False,True,True,False,False,False,False,False,True,-0.9764799604481502,-0.7388981119565358
-1.466797940569394,0.22360215004108655,-0.07015504297924438,0.27514748322580457,-2.3841582427170787,True,False,True,False,True,False,True,False,True,False,False,False,False,True,False,-0.645065440017487,-0.5711770462094418
-0.7030188804087407,0.35834743396655067,0.5301015136608681,0.27514748322580457,0.4194352464039304,False,True,False,True,True,False,True,False,True,False,False,False,False,False,True,-0.06591856556490308,-0.33941680718984824
1.4790055075294513,0.06276333494275477,-0.17608267062161717,0.27514748322580457,0.4194352464039304,False,True,False,True,True,False,False,True,False,False,False,True,True,False,False,0.9295678001787014,0.6888042547547476
-0.49638244030987505,0.12093907657406626,-0.5291747627628598,0.27514748322580457,0.4194352464039304,True,False,True,False,True,False,True,False,False,True,False,False,False,False,True,-0.17445682100594528,-0.01538169938915158
-0.3602703824973117,-0.5463709009615656,-1.2000497378312207,2.0519473325314257,0.4194352464039304,False,True,True,False,True,False,True,False,True,False,False,False,False,False,True,-0.740761382791841,-0.2153477843728481
-0.18678040207300814,-0.5463709009615656,-0.3173195074781142,0.27514748322580457,0.4194352464039304,False,True,False,True,True,False,True,False,False,True,False,False,False,True,False,-0.6388514177594121,-0.4913347372505569
0.4585176958466575,-0.5463709009615656,0.247627839947874,0.27514748322580457,0.4194352464039304,True,False,True,False,True,False,True,False,True,False,False,False,False,True,False,-0.2597960600168411,-0.3849092699377494
0.8287707028497444,-0.5463709009615656,-0.3526287166922385,0.27514748322580457,-2.3841582427170787,False,True,False,True,False,True,True,False,False,False,False,True,False,True,False,-0.04230528098421833,0.010225355357190182
-0.35603891956013356,0.4871040386064386,1.2009764887292291,0.27514748322580457,0.4194352464039304,False,True,False,True,True,False,True,False,True,False,False,False,True,False,False,0.2625960778119918,-0.32651582686165315
-1.1437962696981299,0.07645174473835747,-1.5884510391865876,-0.613252441427006,0.4194352464039304,False,True,False,True,False,True,True,False,False,False,True,False,False,False,True,-0.5978388708561175,0.2204379029744641
0.002224942454281902,-0.5463709009615656,-0.3173195074781142,0.27514748322580457,0.4194352464039304,False,True,True,False,True,False,True,False,True,False,False,False,False,False,True,-0.5278275534151399,-0.40109285422938756
0.16513626553564012,0.08800134050339725,0.6713383505173651,-0.613252441427006,0.4194352464039304,False,True,False,True,False,True,True,False,True,False,False,False,False,True,False,0.18222805660755598,-0.22348066571840902
0.9662932483080338,-0.5463709009615656,0.7066475597314894,0.27514748322580457,0.4194352464039304,False,True,True,False,True,False,True,False,True,False,False,False,False,False,True,0.03847700837075582,-0.3244161156708886
-0.7030188804087407,0.38059109988440504,-0.03484583376512011,0.27514748322580457,0.4194352464039304,False,True,True,False,False,True,False,True,True,False,False,False,True,False,False,-0.044376621736909976,-0.1299984128223315
-0.2918617316795985,0.33653153085480886,-0.03484583376512011,0.27514748322580457,-2.3841582427170787,False,True,False,True,True,False,True,False,True,False,False,False,False,False,True,0.15447209052148794,0.019314382965360245
0.42889745528641054,-0.5463709009615656,0.35355546759024675,-2.390052290732627,0.4194352464039304,False,True,False,True,False,True,True,False,True,False,False,False,False,True,False,-0.2771953223394509,-0.4283558420489585
1.5805606180217264,-0.5463709009615656,1.3775225347998503,0.27514748322580457,0.4194352464039304,False,True,False,True,True,False,True,False,True,False,False,False,False,False,True,0.3993045674896404,-0.2963556074969949
-0.2474313708392281,0.6252714249808033,0.17700942151962545,0.27514748322580457,0.4194352464039304,False,True,True,False,True,False,True,False,True,False,False,False,False,False,True,0.46020198561877473,0.1485338464370281
0.9218628874676633,-0.5463709009615656,0.9891212334444835,0.27514748322580457,0.4194352464039304,False,True,False,True,False,True,True,False,True,False,False,False,True,False,False,0.012378114886841094,-0.41637859087501505
1.5276673313069997,-0.5463709009615656,1.3775225347998503,-3.811492170177124,0.4194352464039304,False,True,False,True,True,False,False,True,False,False,True,False,True,False,False,0.3682344561992657,-0.3132498354686625
-0.8045739909010159,0.8793625318116787,0.8478843965879864,0.27514748322580457,0.4194352464039304,False,True,False,True,True,False,True,False,True,False,False,False,True,False,False,0.37900542811326227,-0.15737242538340845
0.723689373243154,-0.5463709009615656,-0.8469576456899781,0.27514748322580457,0.4194352464039304,True,False,True,False,False,True,True,False,False,True,False,False,True,False,False,-0.10403123541442935,0.22708526267297915
1.3316095485510795,-0.10491968505337834,-2.7889641524668125,0.27514748322580457,0.4194352464039304,False,True,False,True,True,False,True,False,False,True,False,False,False,True,False,0.6805926417051658,6.255543027403609
-0.2417894202563239,-0.5463709009615656,-2.6477273156103154,0.27514748322580457,0.4194352464039304,True,False,True,False,True,False,True,False,True,False,False,False,False,False,True,-0.6711643335014017,1.8029901904412444
0.16372577788991408,-0.5463709009615656,0.247627839947874,0.27514748322580457,0.4194352464039304,True,False,True,False,True,False,True,False,False,True,False,False,True,False,False,-0.4329601469418626,-0.5057304094495819
0.4994218375727128,0.8494191353837977,0.9891212334444835,-2.390052290732627,0.4194352464039304,False,True,False,True,False,True,True,False,False,False,True,False,False,False,True,1.1159884679209495,0.23296492961212964
0.03184518301452885,-0.5463709009615656,0.10639100309137693,0.27514748322580457,0.4194352464039304,True,False,False,True,True,False,True,False,True,False,False,False,False,True,False,-0.5104282910925301,-0.5213309266294271
-1.2474671116589942,0.16628193402200023,-1.8003062944713333,0.27514748322580457,0.4194352464039304,True,False,True,False,True,False,True,False,True,False,False,False,False,False,True,-0.5717399773722028,0.45727030500399335
1.7420614534573586,1.307125337924263,0.5301015136608681,-2.390052290732627,0.4194352464039304,False,True,True,False,True,False,False,True,True,False,False,False,False,False,True,2.2891958702454973,1.1951655038564313
-0.11978223890102101,-0.5463709009615656,-0.5997931811911084,0.27514748322580457,0.4194352464039304,True,False,True,False,True,False,True,False,True,False,False,False,False,False,True,-0.5994959434582708,-0.3561345993266306
-0.5817169428763008,-0.5463709009615656,-1.4119049931159664,-0.613252441427006,0.4194352464039304,False,True,True,False,False,True,True,False,True,False,False,False,True,False,False,-0.8708415820608764,-0.24417462740430235
